{
    "FullHeightAD": {
        "parameter_properties": {
            "value": 850,
            "unit": "mm",
            "bboxes": [
                [
                    162.51,
                    575.2597637795277,
                    301.09000000000003,
                    597.7397637795277
                ]
            ],
            "pageIndexes": [
                1
            ]
        }
    },
    "FullWidthAD": {
        "parameter_properties": {
            "value": 420,
            "unit": "mm",
            "bboxes": [
                [
                    301.09,
                    575.2597637795277,
                    439.66999999999996,
                    597.7397637795277
                ]
            ],
            "pageIndexes": [
                1
            ]
        }
    },
    "FullHeightALB": {
        "parameter_properties": {
            "value": 900,
            "unit": "mm",
            "bboxes": [
                [
                    162.51,
                    620.2197637795277,
                    301.09000000000003,
                    642.6997637795278
                ]
            ],
            "pageIndexes": [
                1
            ]
        }
    },
    "FullWidthALB": {
        "parameter_properties": {
            "value": 412,
            "unit": "mm",
            "bboxes": [
                [
                    301.09,
                    620.2197637795277,
                    439.66999999999996,
                    642.6997637795278
                ]
            ],
            "pageIndexes": [
                1
            ]
        }
    },
    "FramePlateMaterial": {
        "parameter_properties": {
            "value": "Carbon steel, epoxy painted",
            "unit": null,
            "bboxes": [
                [
                    200.61,
                    194.8997637795277,
                    566.94,
                    217.3797637795277
                ]
            ],
            "pageIndexes": [
                2
            ]
        }
    },
    "FieldGasketsMaterial": {
        "parameter_properties": {
            "value": "CGB, XGBL",
            "unit": null,
            "bboxes": [
                [
                    200.61,
                    149.85976377952773,
                    566.94,
                    172.33976377952774
                ]
            ],
            "pageIndexes": [
                2
            ]
        }
    },
    "ADPEDMaxDesignPressure": {
        "parameter_properties": {
            "value": 9.0,
            "unit": "bar",
            "bboxes": [
                [
                    124.29,
                    307.3697637795277,
                    337.1,
                    329.84976377952773
                ]
            ],
            "pageIndexes": [
                2
            ]
        }
    },
    "ADpvcALSMaxDesignPressure": {
        "parameter_properties": {
            "value": 9.5,
            "unit": "bar",
            "bboxes": [
                [
                    124.29,
                    329.93976377952765,
                    337.1,
                    352.41976377952767
                ]
            ],
            "pageIndexes": [
                2
            ]
        }
    },
    "EGpvcALSMaxDesignPressure": {
        "parameter_properties": {
            "value": 11.5,
            "unit": "bar",
            "bboxes": [
                [
                    124.29,
                    352.4097637795277,
                    337.1,
                    374.8897637795277
                ]
            ],
            "pageIndexes": [
                2
            ]
        }
    },
    "EGASMEMaxDesignTemp": {
        "parameter_properties": {
            "value": 240,
            "unit": "°C",
            "bboxes": [
                [
                    337.1,
                    374.8897637795277,
                    566.94,
                    397.3697637795277
                ]
            ],
            "pageIndexes": [
                2
            ]
        }
    },
    "EGPEDMaxDesignTemp": {
        "parameter_properties": {
            "value": 180,
            "unit": "°C",
            "bboxes": [
                [
                    337.1,
                    397.4497637795277,
                    566.94,
                    419.9297637795277
                ]
            ],
            "pageIndexes": [
                2
            ]
        }
    },
    "HeatTransferPlatesMaterial": {
        "parameter_properties": {
            "value": "201/202L",
            "unit": null,
            "bboxes": [
                [
                    200.61,
                    127.3797637795277,
                    566.94,
                    149.85976377952773
                ]
            ],
            "pageIndexes": [
                2
            ]
        }
    },
    "MetalLinedFlangeConnectionMaterial": {
        "parameter_properties": {
            "value": "stainless steel",
            "unit": null,
            "bboxes": [
                [
                    200.61,
                    172.41976377952767,
                    566.94,
                    194.8997637795277
                ]
            ],
            "pageIndexes": [
                2
            ]
        }
    },
    "RubberLinedFlangeConnectionMaterial": {
        "parameter_properties": {
            "value": "CGB",
            "unit": null,
            "bboxes": [
                [
                    200.61,
                    172.41976377952767,
                    566.94,
                    194.8997637795277
                ]
            ],
            "pageIndexes": [
                2
            ]
        }
    },
    "ADpvcALSFlangeConnectionStandard": {
        "parameter_properties": {
            "value": "EN 1092-1 DN80 PN10 ASME B16.5 Class 150 NPS 3 JIS B2220 10K 80A",
            "unit": null,
            "bboxes": [
                [
                    199.71,
                    50.849763779527734,
                    566.94,
                    100.34976377952773
                ]
            ],
            "pageIndexes": [
                3
            ]
        }
    },
    "ADPEDFlangeConnectionStandard": {
        "parameter_properties": {
            "value": "EN 1092-1 DN80 PN10 ASME B16.5 Class 150 NPS 3.",
            "unit": null,
            "bboxes": [
                [
                    199.71,
                    100.35976377952773,
                    566.94,
                    136.3897637795277
                ]
            ],
            "pageIndexes": [
                3
            ]
        }
    },
    "EGASMEFlangeConnectionStandard": {
        "parameter_properties": {
            "value": "ASME B16.5 Class 150 NPS 3 EN 1092–1 DN80 PN16.",
            "unit": null,
            "bboxes": [
                [
                    199.71,
                    199.35976377952773,
                    566.94,
                    235.3897637795277
                ]
            ],
            "pageIndexes": [
                3
            ]
        }
    }
}